"strain","stack","window","target","colocalizes","dataset"
"MKY3454","01","x384y187","Ent1","1","1"
"MKY3454","01","x562y798","Ent1","1","1"
"MKY3454","01","x618y695","Ent1","0","1"
"MKY3454","01","x806y635","Ent1","1","1"
"MKY3454","01","x851y534","Ent1","1","1"
"MKY3454","02","x120y456","Ent1","1","1"
"MKY3454","02","x238y135","Ent1","0","1"
"MKY3454","02","x591y60","Ent1","1","1"
"MKY3454","02","x964y542","Ent1","0","1"
"MKY3454","03","x114y451","Ent1","1","1"
"MKY3454","03","x1272y233","Ent1","1","1"
"MKY3454","03","x144y429","Ent1","1","1"
"MKY3454","03","x625y166","Ent1","1","1"
"MKY3454","03","x91y355","Ent1","1","1"
"MKY3454","04","x339y878","Ent1","1","1"
"MKY3454","04","x65y324","Ent1","1","1"
"MKY3454","04","x707y104","Ent1","1","1"
"MKY3454","05","x1097y655","Ent1","1","1"
"MKY3454","05","x1240y738","Ent1","1","1"
"MKY3454","05","x198y961","Ent1","1","1"
"MKY3454","05","x494y568","Ent1","1","1"
"MKY3454","05","x541y160","Ent1","1","1"
"MKY3454","05","x776y520","Ent1","1","1"
"MKY3454","05","x854y790","Ent1","1","1"
"MKY3454","06","x1191y850","Ent1","1","1"
"MKY3454","06","x1210y755","Ent1","1","1"
"MKY3454","06","x142y673","Ent1","1","1"
"MKY3454","06","x57y645","Ent1","1","1"
"MKY3454","07","x708y816","Ent1","1","1"
"MKY3454","08","x249y661","Ent1","1","1"
"MKY3454","08","x291y128","Ent1","1","1"
"MKY3454","08","x530y95","Ent1","1","1"
"MKY3454","09","x1243y408","Ent1","1","1"
"MKY3454","09","x728y810","Ent1","1","1"
"MKY3454","09","x854y189","Ent1","1","1"
"MKY3454","10","x1071y607","Ent1","1","1"
"MKY3454","10","x381y770","Ent1","1","1"
"MKY3454","10","x924y912","Ent1","1","1"
"MKY3454","10","x982y353","Ent1","1","1"
"MKY3454","11","x233y744","Ent1","1","1"
"MKY3454","11","x56y640","Ent1","1","1"
"MKY3454","11","x885y524","Ent1","1","1"
"MKY3454","12","x1090y410","Ent1","1","1"
"MKY3454","12","x480y496","Ent1","1","1"
"MKY3454","12","x496y222","Ent1","1","1"
"MKY3454","12","x626y381","Ent1","1","1"
"MKY3454","12","x892y864","Ent1","1","1"
"MKY3454","13","x1004y327","Ent1","1","1"
"MKY3454","13","x1008y728","Ent1","1","1"
"MKY3454","13","x1132y484","Ent1","1","1"
"MKY3454","13","x397y661","Ent1","1","1"
"MKY3454","13","x71y642","Ent1","1","1"
"MKY3454","13","x984y148","Ent1","1","1"
"MKY3454","14","x792y280","Ent1","1","1"
"MKY3454","15","x382y707","Ent1","1","1"
"MKY3454","15","x425y550","Ent1","1","1"
"MKY3471","01","x363y81","Syp1","1","1"
"MKY3471","01","x883y875","Syp1","1","1"
"MKY3471","01","x933y257","Syp1","1","1"
"MKY3471","02","x1088y152","Syp1","1","1"
"MKY3471","02","x644y198","Syp1","1","1"
"MKY3471","03","x1137y503","Syp1","1","1"
"MKY3471","03","x1286y411","Syp1","1","1"
"MKY3471","03","x15y595","Syp1","1","1"
"MKY3471","03","x872y897","Syp1","1","1"
"MKY3471","03","x887y243","Syp1","1","1"
"MKY3471","04","x1196y384","Syp1","1","1"
"MKY3471","04","x119y662","Syp1","1","1"
"MKY3471","04","x1226y521","Syp1","1","1"
"MKY3471","04","x1227y574","Syp1","1","1"
"MKY3471","04","x96y553","Syp1","1","1"
"MKY3471","05","x1011y628","Syp1","1","1"
"MKY3471","05","x1121y895","Syp1","1","1"
"MKY3471","05","x790y98","Syp1","1","1"
"MKY3471","05","x862y751","Syp1","1","1"
"MKY3471","06","x522y822","Syp1","1","1"
"MKY3471","06","x526y703","Syp1","1","1"
"MKY3471","06","x861y525","Syp1","1","1"
"MKY3471","07","x1114y237","Syp1","1","1"
"MKY3471","07","x272y655","Syp1","1","1"
"MKY3471","07","x86y446","Syp1","1","1"
"MKY3471","08","x357y372","Syp1","1","1"
"MKY3471","08","x407y655","Syp1","1","1"
"MKY3471","08","x450y367","Syp1","1","1"
"MKY3471","08","x879y834","Syp1","1","1"
"MKY3471","08","x924y587","Syp1","1","1"
"MKY3471","09","x0y21","Syp1","1","1"
"MKY3471","09","x109y812","Syp1","1","1"
"MKY3471","09","x1144y248","Syp1","1","1"
"MKY3471","09","x495y747","Syp1","1","1"
"MKY3471","09","x581y475","Syp1","1","1"
"MKY3471","09","x630y282","Syp1","1","1"
"MKY3471","10","x196y965","Syp1","1","1"
"MKY3471","11","x1219y755","Syp1","1","1"
"MKY3471","11","x580y439","Syp1","1","1"
"MKY3471","11","x711y779","Syp1","1","1"
"MKY3471","11","x96y792","Syp1","1","1"
"MKY3471","12","x1121y884","Syp1","1","1"
"MKY3471","12","x394y812","Syp1","1","1"
"MKY3471","12","x974y836","Syp1","1","1"
"MKY3471","12","x99y354","Syp1","1","1"
"MKY3471","13","x1117y664","Syp1","1","1"
"MKY3471","13","x40y538","Syp1","0","1"
"MKY3471","13","x760y858","Syp1","1","1"
"MKY3471","14","x365y534","Syp1","1","1"
"MKY3471","14","x399y721","Syp1","1","1"
"MKY3471","14","x826y525","Syp1","1","1"
"MKY3471","14","x891y200","Syp1","0","1"
"MKY3471","14","x95y382","Syp1","1","1"
"MKY3471","15","x574y106","Syp1","1","1"
"MKY3471","15","x705y444","Syp1","1","1"
"MKY3471","15","x75y93","Syp1","1","1"
"MKY3472","01","x109y189","Sla2","1","1"
"MKY3472","01","x1171y250","Sla2","1","1"
"MKY3472","01","x122y816","Sla2","1","1"
"MKY3472","02","x1013y459","Sla2","1","1"
"MKY3472","02","x1030y897","Sla2","1","1"
"MKY3472","02","x1207y518","Sla2","1","1"
"MKY3472","02","x267y116","Sla2","1","1"
"MKY3472","03","x133y809","Sla2","1","1"
"MKY3472","03","x744y321","Sla2","1","1"
"MKY3472","03","x838y949","Sla2","1","1"
"MKY3472","04","x1257y969","Sla2","1","1"
"MKY3472","04","x1274y750","Sla2","1","1"
"MKY3472","04","x177y66","Sla2","1","1"
"MKY3472","04","x980y818","Sla2","1","1"
"MKY3472","05","x1155y211","Sla2","1","1"
"MKY3472","05","x724y242","Sla2","1","1"
"MKY3472","05","x798y508","Sla2","1","1"
"MKY3472","06","x1046y338","Sla2","1","1"
"MKY3472","06","x1188y306","Sla2","1","1"
"MKY3472","06","x399y171","Sla2","1","1"
"MKY3472","06","x852y917","Sla2","1","1"
"MKY3472","07","x1047y805","Sla2","1","1"
"MKY3472","07","x1302y159","Sla2","1","1"
"MKY3472","07","x58y438","Sla2","1","1"
"MKY3472","07","x666y754","Sla2","1","1"
"MKY3472","08","x1002y301","Sla2","1","1"
"MKY3472","08","x1069y267","Sla2","1","1"
"MKY3472","08","x168y528","Sla2","1","1"
"MKY3472","08","x466y276","Sla2","1","1"
"MKY3472","09","x1003y171","Sla2","1","1"
"MKY3472","09","x1042y71","Sla2","1","1"
"MKY3472","09","x304y961","Sla2","1","1"
"MKY3472","09","x813y893","Sla2","1","1"
"MKY3472","10","x110y787","Sla2","1","1"
"MKY3472","10","x493y140","Sla2","1","1"
"MKY3472","10","x663y398","Sla2","1","1"
"MKY3472","10","x87y215","Sla2","1","1"
"MKY3472","11","x1093y692","Sla2","1","1"
"MKY3472","11","x1131y311","Sla2","1","1"
"MKY3472","11","x1246y973","Sla2","1","1"
"MKY3472","11","x137y654","Sla2","1","1"
"MKY3472","11","x344y770","Sla2","1","1"
"MKY3472","11","x816y206","Sla2","1","1"
"MKY3472","11","x880y574","Sla2","1","1"
"MKY3472","12","x1192y696","Sla2","1","1"
"MKY3472","12","x478y140","Sla2","1","1"
"MKY3472","12","x694y549","Sla2","1","1"
"MKY3472","13","x1092y273","Sla2","1","1"
"MKY3472","13","x1188y691","Sla2","1","1"
"MKY3472","13","x1242y587","Sla2","1","1"
"MKY3472","13","x227y454","Sla2","1","1"
"MKY3472","13","x276y879","Sla2","1","1"
"MKY3472","13","x446y254","Sla2","1","1"
"MKY3472","13","x983y311","Sla2","1","1"
"MKY3472","14","x1237y58","Sla2","1","1"
"MKY3472","14","x240y561","Sla2","1","1"
"MKY3472","14","x625y271","Sla2","1","1"
"MKY3472","14","x70y443","Sla2","1","1"
"MKY3472","14","x765y444","Sla2","1","1"
"MKY3472","15","x1005y226","Sla2","1","1"
"MKY3472","15","x1029y819","Sla2","1","1"
"MKY3472","15","x900y587","Sla2","1","1"
"MKY3483","01","x167y224","End3","1","1"
"MKY3483","01","x216y330","End3","1","1"
"MKY3483","01","x285y249","End3","1","1"
"MKY3483","02","x1132y209","End3","1","1"
"MKY3483","02","x121y736","End3","1","1"
"MKY3483","02","x347y305","End3","1","1"
"MKY3483","02","x810y772","End3","1","1"
"MKY3483","02","x813y153","End3","1","1"
"MKY3483","02","x935y922","End3","1","1"
"MKY3483","02","x949y826","End3","1","1"
"MKY3483","03","x576y273","End3","1","1"
"MKY3483","03","x57y644","End3","1","1"
"MKY3483","03","x757y740","End3","1","1"
"MKY3483","03","x847y731","End3","1","1"
"MKY3483","03","x97y380","End3","1","1"
"MKY3483","04","x1180y300","End3","1","1"
"MKY3483","04","x1304y491","End3","1","1"
"MKY3483","04","x370y208","End3","1","1"
"MKY3483","04","x486y75","End3","1","1"
"MKY3483","05","x1096y474","End3","1","1"
"MKY3483","05","x1236y289","End3","1","1"
"MKY3483","05","x668y264","End3","1","1"
"MKY3483","05","x905y535","End3","1","1"
"MKY3483","06","x1223y407","End3","1","1"
"MKY3483","06","x1288y168","End3","1","1"
"MKY3483","06","x33y691","End3","1","1"
"MKY3483","06","x564y319","End3","1","1"
"MKY3483","06","x819y381","End3","1","1"
"MKY3483","07","x1239y536","End3","1","1"
"MKY3483","07","x346y885","End3","1","1"
"MKY3483","07","x96y379","End3","1","1"
"MKY3483","08","x1112y222","End3","1","1"
"MKY3483","08","x1230y767","End3","1","1"
"MKY3483","08","x511y345","End3","1","1"
"MKY3483","08","x922y809","End3","1","1"
"MKY3483","09","x1275y418","End3","1","1"
"MKY3483","09","x722y950","End3","1","1"
"MKY3483","09","x827y457","End3","1","1"
"MKY3483","09","x891y262","End3","1","1"
"MKY3483","10","x1012y159","End3","1","1"
"MKY3483","10","x1216y640","End3","1","1"
"MKY3483","11","x1067y908","End3","1","1"
"MKY3483","11","x1091y486","End3","1","1"
"MKY3483","11","x224y527","End3","1","1"
"MKY3483","11","x290y586","End3","1","1"
"MKY3483","11","x305y703","End3","1","1"
"MKY3483","11","x918y429","End3","1","1"
"MKY3483","12","x1227y151","End3","1","1"
"MKY3483","12","x287y15","End3","1","1"
"MKY3483","12","x919y418","End3","1","1"
"MKY3483","13","x112y760","End3","1","1"
"MKY3483","13","x216y582","End3","1","1"
"MKY3483","13","x301y58","End3","1","1"
"MKY3483","13","x353y84","End3","1","1"
"MKY3483","13","x771y852","End3","1","1"
"MKY3483","14","x203y558","End3","1","1"
"MKY3483","14","x701y77","End3","1","1"
"MKY3483","14","x748y487","End3","1","1"
"MKY3483","14","x870y77","End3","1","1"
"MKY3483","15","x444y591","End3","1","1"
"MKY3483","15","x467y627","End3","1","1"
"MKY3483","15","x516y128","End3","1","1"
"MKY3483","15","x900y652","End3","1","1"
"MKY3496","01","x594y247","Pan1","1","1"
"MKY3496","01","x641y252","Pan1","1","1"
"MKY3496","01","x644y153","Pan1","1","1"
"MKY3496","01","x648y823","Pan1","1","1"
"MKY3496","01","x984y758","Pan1","1","1"
"MKY3496","02","x1099y490","Pan1","1","1"
"MKY3496","02","x1123y144","Pan1","1","1"
"MKY3496","02","x448y366","Pan1","1","1"
"MKY3496","02","x641y366","Pan1","1","1"
"MKY3496","02","x674y251","Pan1","1","1"
"MKY3496","02","x836y136","Pan1","1","1"
"MKY3496","02","x839y919","Pan1","1","1"
"MKY3496","02","x937y610","Pan1","1","1"
"MKY3496","03","x171y249","Pan1","1","1"
"MKY3496","03","x338y658","Pan1","1","1"
"MKY3496","03","x778y896","Pan1","1","1"
"MKY3496","04","x0y166","Pan1","1","1"
"MKY3496","04","x11y127","Pan1","1","1"
"MKY3496","04","x885y482","Pan1","1","1"
"MKY3496","04","x947y44","Pan1","1","1"
"MKY3496","05","x1073y839","Pan1","1","1"
"MKY3496","05","x1268y794","Pan1","1","1"
"MKY3496","05","x375y474","Pan1","1","1"
"MKY3496","05","x650y195","Pan1","1","1"
"MKY3496","06","x1119y847","Pan1","1","1"
"MKY3496","06","x111y76","Pan1","1","1"
"MKY3496","06","x140y188","Pan1","1","1"
"MKY3496","07","x1121y429","Pan1","1","1"
"MKY3496","07","x1278y535","Pan1","1","1"
"MKY3496","07","x412y666","Pan1","1","1"
"MKY3496","07","x977y381","Pan1","1","1"
"MKY3496","08","x134y210","Pan1","1","1"
"MKY3496","08","x221y402","Pan1","1","1"
"MKY3496","08","x232y911","Pan1","1","1"
"MKY3496","08","x267y501","Pan1","1","1"
"MKY3496","08","x33y381","Pan1","1","1"
"MKY3496","08","x548y618","Pan1","1","1"
"MKY3496","09","x191y945","Pan1","1","1"
"MKY3496","09","x438y796","Pan1","1","1"
"MKY3496","09","x491y924","Pan1","0","1"
"MKY3496","09","x903y579","Pan1","1","1"
"MKY3496","10","x1064y219","Pan1","1","1"
"MKY3496","10","x908y614","Pan1","1","1"
"MKY3496","11","x1031y933","Pan1","1","1"
"MKY3496","11","x446y29","Pan1","1","1"
"MKY3496","11","x96y350","Pan1","1","1"
"MKY3496","11","x999y595","Pan1","1","1"
"MKY3496","12","x1242y950","Pan1","1","1"
"MKY3496","12","x333y112","Pan1","1","1"
"MKY3496","12","x617y222","Pan1","1","1"
"MKY3496","12","x723y441","Pan1","1","1"
"MKY3496","12","x994y30","Pan1","1","1"
"MKY3496","13","x1050y615","Pan1","1","1"
"MKY3496","13","x222y749","Pan1","1","1"
"MKY3496","13","x318y870","Pan1","1","1"
"MKY3496","13","x335y957","Pan1","1","1"
"MKY3496","13","x401y116","Pan1","1","1"
"MKY3496","14","x1275y102","Pan1","1","1"
"MKY3496","14","x153y888","Pan1","1","1"
"MKY3496","14","x464y291","Pan1","1","1"
"MKY3496","14","x969y562","Pan1","0","1"
"MKY3496","15","x1111y852","Pan1","1","1"
"MKY3496","15","x1165y174","Pan1","1","1"
"MKY3496","15","x1271y664","Pan1","1","1"
"MKY3496","15","x194y478","Pan1","1","1"
"MKY3496","15","x45y601","Pan1","1","1"
"MKY3496","15","x528y730","Pan1","1","1"
"MKY3496","15","x719y809","Pan1","1","1"
"MKY0578","01","x1121y312","Sla1","1","1"
"MKY0578","01","x1166y362","Sla1","1","1"
"MKY0578","01","x461y659","Sla1","0","1"
"MKY0578","01","x785y111","Sla1","1","1"
"MKY0578","02","x116y76","Sla1","0","1"
"MKY0578","02","x651y984","Sla1","1","1"
"MKY0578","03","x1011y318","Sla1","1","1"
"MKY0578","03","x1036y18","Sla1","1","1"
"MKY0578","03","x268y763","Sla1","1","1"
"MKY0578","03","x425y970","Sla1","1","1"
"MKY0578","03","x489y839","Sla1","1","1"
"MKY0578","03","x72y671","Sla1","1","1"
"MKY0578","04","x440y159","Sla1","1","1"
"MKY0578","04","x519y709","Sla1","1","1"
"MKY0578","04","x556y595","Sla1","1","1"
"MKY0578","04","x684y894","Sla1","1","1"
"MKY0578","04","x909y185","Sla1","0","1"
"MKY0578","04","x959y133","Sla1","1","1"
"MKY0578","05","x173y14","Sla1","1","1"
"MKY0578","05","x626y791","Sla1","1","1"
"MKY0578","05","x671y221","Sla1","1","1"
"MKY0578","05","x750y62","Sla1","1","1"
"MKY0578","06","x1062y84","Sla1","1","1"
"MKY0578","06","x367y344","Sla1","1","1"
"MKY0578","06","x690y147","Sla1","1","1"
"MKY0578","06","x747y109","Sla1","1","1"
"MKY0578","06","x829y912","Sla1","1","1"
"MKY0578","06","x981y713","Sla1","1","1"
"MKY0578","07","x379y499","Sla1","1","1"
"MKY0578","07","x580y640","Sla1","1","1"
"MKY0578","07","x591y567","Sla1","1","1"
"MKY0578","07","x721y190","Sla1","1","1"
"MKY0578","07","x906y984","Sla1","1","1"
"MKY0578","08","x1157y455","Sla1","0","1"
"MKY0578","08","x129y189","Sla1","1","1"
"MKY0578","08","x475y887","Sla1","1","1"
"MKY0578","08","x858y457","Sla1","1","1"
"MKY0578","09","x1174y327","Sla1","1","1"
"MKY0578","09","x1259y410","Sla1","1","1"
"MKY0578","09","x235y86","Sla1","1","1"
"MKY0578","09","x74y344","Sla1","1","1"
"MKY0578","09","x934y304","Sla1","1","1"
"MKY0578","10","x1024y558","Sla1","1","1"
"MKY0578","10","x118y828","Sla1","1","1"
"MKY0578","10","x521y856","Sla1","1","1"
"MKY0578","10","x81y204","Sla1","1","1"
"MKY0578","10","x997y17","Sla1","1","1"
"MKY0578","11","x33y868","Sla1","1","1"
"MKY0578","11","x627y451","Sla1","1","1"
"MKY0578","12","x1255y580","Sla1","1","1"
"MKY0578","12","x133y281","Sla1","1","1"
"MKY0578","12","x374y560","Sla1","1","1"
"MKY0578","12","x478y196","Sla1","1","1"
"MKY0578","12","x519y150","Sla1","1","1"
"MKY0578","13","x112y163","Sla1","1","1"
"MKY0578","13","x1188y324","Sla1","1","1"
"MKY0578","13","x1241y414","Sla1","1","1"
"MKY0578","14","x1145y206","Sla1","1","1"
"MKY0578","14","x151y847","Sla1","1","1"
"MKY0578","14","x204y302","Sla1","1","1"
"MKY0578","14","x524y743","Sla1","1","1"
"MKY0578","15","x118y106","Sla1","1","1"
"MKY0578","15","x273y703","Sla1","1","1"
"MKY0578","15","x494y641","Sla1","1","1"
"MKY0578","15","x580y654","Sla1","1","1"
"MKY0578","15","x703y702","Sla1","1","1"
"MKY3485","01","x1029y535","Las17","1","1"
"MKY3485","01","x1144y400","Las17","1","1"
"MKY3485","01","x245y711","Las17","1","1"
"MKY3485","01","x644y271","Las17","1","1"
"MKY3485","02","x104y766","Las17","1","1"
"MKY3485","02","x128y149","Las17","1","1"
"MKY3485","02","x711y677","Las17","1","1"
"MKY3485","02","x986y57","Las17","1","1"
"MKY3485","03","x1093y920","Las17","1","1"
"MKY3485","03","x1215y780","Las17","1","1"
"MKY3485","03","x158y580","Las17","1","1"
"MKY3485","03","x546y743","Las17","1","1"
"MKY3485","04","x1152y753","Las17","1","1"
"MKY3485","04","x1174y150","Las17","1","1"
"MKY3485","04","x199y241","Las17","1","1"
"MKY3485","04","x545y704","Las17","1","1"
"MKY3485","05","x195y860","Las17","1","1"
"MKY3485","05","x468y849","Las17","1","1"
"MKY3485","05","x69y439","Las17","1","1"
"MKY3485","05","x735y57","Las17","1","1"
"MKY3485","06","x1005y661","Las17","1","1"
"MKY3485","06","x490y318","Las17","1","1"
"MKY3485","06","x808y704","Las17","1","1"
"MKY3485","07","x1067y406","Las17","1","1"
"MKY3485","07","x324y850","Las17","1","1"
"MKY3485","07","x429y479","Las17","1","1"
"MKY3485","07","x649y34","Las17","1","1"
"MKY3485","07","x990y500","Las17","1","1"
"MKY3485","08","x1204y838","Las17","1","1"
"MKY3485","08","x1275y209","Las17","1","1"
"MKY3485","08","x726y912","Las17","1","1"
"MKY3485","08","x86y541","Las17","1","1"
"MKY3485","09","x1155y316","Las17","1","1"
"MKY3485","09","x1268y546","Las17","1","1"
"MKY3485","09","x236y921","Las17","1","1"
"MKY3485","10","x284y5","Las17","1","1"
"MKY3485","10","x750y765","Las17","0","1"
"MKY3485","10","x979y536","Las17","1","1"
"MKY3485","11","x221y717","Las17","1","1"
"MKY3485","11","x351y165","Las17","1","1"
"MKY3485","11","x425y446","Las17","1","1"
"MKY3485","11","x72y863","Las17","1","1"
"MKY3485","12","x518y181","Las17","1","1"
"MKY3485","12","x602y734","Las17","1","1"
"MKY3485","13","x1209y723","Las17","1","1"
"MKY3485","13","x60y825","Las17","1","1"
"MKY3485","14","x211y684","Las17","1","1"
"MKY3485","14","x224y745","Las17","1","1"
"MKY3485","14","x540y89","Las17","1","1"
"MKY3485","14","x794y945","Las17","1","1"
"MKY3485","15","x1092y176","Las17","1","1"
"MKY3485","15","x116y555","Las17","1","1"
"MKY3485","15","x1303y707","Las17","1","1"
"MKY3485","15","x356y245","Las17","1","1"
"MKY3487","01","x1062y331","Rvs167","0","1"
"MKY3487","01","x1203y352","Rvs167","0","1"
"MKY3487","01","x377y981","Rvs167","0","1"
"MKY3487","01","x386y464","Rvs167","0","1"
"MKY3487","01","x397y388","Rvs167","0","1"
"MKY3487","01","x649y892","Rvs167","0","1"
"MKY3487","01","x900y81","Rvs167","0","1"
"MKY3487","02","x29y383","Rvs167","0","1"
"MKY3487","02","x381y247","Rvs167","0","1"
"MKY3487","02","x521y432","Rvs167","0","1"
"MKY3487","02","x830y461","Rvs167","0","1"
"MKY3487","02","x90y597","Rvs167","0","1"
"MKY3487","02","x949y373","Rvs167","0","1"
"MKY3487","03","x1083y846","Rvs167","0","1"
"MKY3487","03","x153y144","Rvs167","0","1"
"MKY3487","03","x987y38","Rvs167","0","1"
"MKY3487","04","x276y51","Rvs167","0","1"
"MKY3487","04","x659y458","Rvs167","0","1"
"MKY3487","04","x932y869","Rvs167","0","1"
"MKY3487","04","x937y982","Rvs167","0","1"
"MKY3487","05","x667y675","Rvs167","0","1"
"MKY3487","05","x694y275","Rvs167","1","1"
"MKY3487","05","x737y314","Rvs167","0","1"
"MKY3487","05","x756y960","Rvs167","1","1"
"MKY3487","06","x1174y755","Rvs167","0","1"
"MKY3487","06","x721y930","Rvs167","0","1"
"MKY3487","06","x815y244","Rvs167","0","1"
"MKY3487","06","x816y300","Rvs167","0","1"
"MKY3487","07","x1239y395","Rvs167","0","1"
"MKY3487","07","x174y614","Rvs167","0","1"
"MKY3487","07","x590y864","Rvs167","0","1"
"MKY3487","08","x192y348","Rvs167","0","1"
"MKY3487","08","x307y455","Rvs167","0","1"
"MKY3487","08","x391y681","Rvs167","0","1"
"MKY3487","09","x154y97","Rvs167","0","1"
"MKY3487","09","x336y295","Rvs167","0","1"
"MKY3487","09","x534y557","Rvs167","0","1"
"MKY3487","09","x624y774","Rvs167","1","1"
"MKY3487","10","x1130y879","Rvs167","0","1"
"MKY3487","10","x676y152","Rvs167","0","1"
"MKY3487","10","x969y815","Rvs167","0","1"
"MKY3487","11","x1234y962","Rvs167","0","1"
"MKY3487","11","x642y107","Rvs167","1","1"
"MKY3487","11","x857y557","Rvs167","0","1"
"MKY3487","12","x1145y885","Rvs167","0","1"
"MKY3487","12","x215y452","Rvs167","0","1"
"MKY3487","13","x1296y418","Rvs167","0","1"
"MKY3487","13","x182y612","Rvs167","0","1"
"MKY3487","13","x329y767","Rvs167","0","1"
"MKY3487","13","x378y801","Rvs167","0","1"
"MKY3487","13","x479y740","Rvs167","0","1"
"MKY3487","14","x231y664","Rvs167","0","1"
"MKY3487","14","x566y198","Rvs167","0","1"
"MKY3487","14","x628y464","Rvs167","0","1"
"MKY3487","15","x315y721","Rvs167","0","1"
"MKY3487","15","x586y819","Rvs167","0","1"
"MKY3487","15","x753y387","Rvs167","0","1"
"MKY3497","01","x486y884","Myo5","0","1"
"MKY3497","01","x620y50","Myo5","0","1"
"MKY3497","01","x866y767","Myo5","0","1"
"MKY3497","01","x977y134","Myo5","1","1"
"MKY3497","02","x125y516","Myo5","0","1"
"MKY3497","02","x38y168","Myo5","0","1"
"MKY3497","02","x592y419","Myo5","0","1"
"MKY3497","03","x1038y261","Myo5","0","1"
"MKY3497","03","x249y899","Myo5","0","1"
"MKY3497","03","x952y846","Myo5","0","1"
"MKY3497","04","x305y526","Myo5","0","1"
"MKY3497","04","x588y355","Myo5","1","1"
"MKY3497","04","x59y632","Myo5","0","1"
"MKY3497","04","x796y961","Myo5","1","1"
"MKY3497","05","x1006y860","Myo5","0","1"
"MKY3497","05","x1055y297","Myo5","1","1"
"MKY3497","05","x237y675","Myo5","1","1"
"MKY3497","05","x688y860","Myo5","1","1"
"MKY3497","05","x9y403","Myo5","1","1"
"MKY3497","06","x1167y434","Myo5","1","1"
"MKY3497","06","x421y374","Myo5","1","1"
"MKY3497","06","x926y97","Myo5","0","1"
"MKY3497","07","x273y726","Myo5","0","1"
"MKY3497","08","x1209y490","Myo5","1","1"
"MKY3497","08","x140y259","Myo5","0","1"
"MKY3497","08","x151y771","Myo5","1","1"
"MKY3497","08","x286y514","Myo5","1","1"
"MKY3497","08","x917y250","Myo5","1","1"
"MKY3497","09","x1142y373","Myo5","1","1"
"MKY3497","09","x33y846","Myo5","0","1"
"MKY3497","09","x915y128","Myo5","0","1"
"MKY3497","10","x175y429","Myo5","1","1"
"MKY3497","10","x207y724","Myo5","0","1"
"MKY3497","10","x348y402","Myo5","0","1"
"MKY3497","10","x905y14","Myo5","0","1"
"MKY3497","11","x263y774","Myo5","1","1"
"MKY3497","11","x357y465","Myo5","0","1"
"MKY3497","11","x428y337","Myo5","0","1"
"MKY3497","11","x689y674","Myo5","0","1"
"MKY3497","11","x711y118","Myo5","0","1"
"MKY3497","12","x1152y717","Myo5","1","1"
"MKY3497","12","x130y65","Myo5","0","1"
"MKY3497","12","x432y621","Myo5","0","1"
"MKY3497","13","x1215y384","Myo5","1","1"
"MKY3497","13","x457y549","Myo5","1","1"
"MKY3497","13","x626y508","Myo5","0","1"
"MKY3497","13","x946y419","Myo5","0","1"
"MKY3497","14","x173y563","Myo5","0","1"
"MKY3497","14","x23y910","Myo5","0","1"
"MKY3497","15","x1159y243","Myo5","0","1"
"MKY3497","15","x278y173","Myo5","0","1"
"MKY3497","15","x601y680","Myo5","1","1"
"MKY0583","01","x1088y113","Abp1","1","1"
"MKY0583","01","x1102y58","Abp1","1","1"
"MKY0583","01","x1268y226","Abp1","1","1"
"MKY0583","01","x393y776","Abp1","1","1"
"MKY0583","01","x421y605","Abp1","0","1"
"MKY0583","01","x72y893","Abp1","0","1"
"MKY0583","01","x973y201","Abp1","0","1"
"MKY0583","02","x1207y4","Abp1","0","1"
"MKY0583","02","x1262y437","Abp1","1","1"
"MKY0583","02","x623y669","Abp1","0","1"
"MKY0583","02","x72y800","Abp1","0","1"
"MKY0583","03","x1113y63","Abp1","1","1"
"MKY0583","03","x1126y895","Abp1","1","1"
"MKY0583","03","x1172y613","Abp1","0","1"
"MKY0583","03","x486y743","Abp1","0","1"
"MKY0583","03","x81y88","Abp1","0","1"
"MKY0583","04","x116y779","Abp1","1","1"
"MKY0583","04","x1195y36","Abp1","0","1"
"MKY0583","04","x302y772","Abp1","0","1"
"MKY0583","04","x480y467","Abp1","1","1"
"MKY0583","04","x63y55","Abp1","1","1"
"MKY0583","05","x124y785","Abp1","0","1"
"MKY0583","05","x1261y663","Abp1","1","1"
"MKY0583","05","x1293y274","Abp1","0","1"
"MKY0583","05","x889y799","Abp1","0","1"
"MKY0583","05","x958y219","Abp1","1","1"
"MKY0583","06","x117y919","Abp1","0","1"
"MKY0583","06","x1180y936","Abp1","1","1"
"MKY0583","06","x1207y104","Abp1","1","1"
"MKY0583","06","x72y532","Abp1","0","1"
"MKY0583","06","x852y201","Abp1","0","1"
"MKY0583","07","x1184y168","Abp1","0","1"
"MKY0583","07","x123y313","Abp1","0","1"
"MKY0583","07","x239y35","Abp1","0","1"
"MKY0583","07","x448y271","Abp1","0","1"
"MKY0583","07","x600y235","Abp1","0","1"
"MKY0583","07","x908y670","Abp1","1","1"
"MKY0583","09","x1025y766","Abp1","0","1"
"MKY0583","09","x1168y17","Abp1","0","1"
"MKY0583","09","x1224y929","Abp1","0","1"
"MKY0583","09","x1273y592","Abp1","1","1"
"MKY0583","09","x193y904","Abp1","0","1"
"MKY0583","09","x474y420","Abp1","1","1"
"MKY0583","09","x573y762","Abp1","0","1"
"MKY0583","09","x586y36","Abp1","0","1"
"MKY0583","09","x831y140","Abp1","0","1"
"MKY0583","09","x887y20","Abp1","0","1"
"MKY0583","10","x1057y340","Abp1","0","1"
"MKY0583","10","x1193y208","Abp1","0","1"
"MKY0583","10","x156y539","Abp1","0","1"
"MKY0583","10","x287y859","Abp1","0","1"
"MKY0583","10","x752y259","Abp1","0","1"
"MKY0583","10","x845y365","Abp1","0","1"
"MKY0583","11","x1018y339","Abp1","0","1"
"MKY0583","11","x1120y731","Abp1","0","1"
"MKY0583","11","x1146y347","Abp1","0","1"
"MKY0583","11","x288y617","Abp1","0","1"
"MKY0583","11","x623y958","Abp1","0","1"
"MKY0583","11","x694y334","Abp1","0","1"
"MKY0583","12","x161y247","Abp1","0","1"
"MKY0583","12","x533y129","Abp1","1","1"
"MKY0583","12","x534y6","Abp1","0","1"
"MKY0583","12","x710y166","Abp1","0","1"
"MKY0583","12","x758y911","Abp1","0","1"
"MKY0583","13","x186y878","Abp1","1","1"
"MKY0583","13","x299y6","Abp1","0","1"
"MKY0583","13","x303y136","Abp1","0","1"
"MKY0583","13","x71y62","Abp1","0","1"
"MKY0583","14","x103y605","Abp1","0","1"
"MKY0583","14","x1152y735","Abp1","0","1"
"MKY0583","14","x187y685","Abp1","1","1"
"MKY0583","14","x22y839","Abp1","0","1"
"MKY0583","14","x251y569","Abp1","0","1"
"MKY0583","14","x871y282","Abp1","0","1"
"MKY0583","14","x874y491","Abp1","0","1"
"MKY0583","14","x942y972","Abp1","0","1"
"MKY0583","15","x1011y221","Abp1","1","1"
"MKY0583","15","x314y55","Abp1","0","1"
"MKY0583","15","x327y476","Abp1","0","1"
"MKY0583","15","x376y946","Abp1","1","1"
"MKY0583","15","x581y130","Abp1","1","1"
"MKY0583","15","x944y713","Abp1","0","1"
"MKY0583","16","x1000y370","Abp1","0","1"
"MKY0583","16","x1085y874","Abp1","0","1"
"MKY0583","16","x1302y984","Abp1","0","1"
"MKY0583","16","x728y778","Abp1","0","1"
"MKY0583","16","x882y276","Abp1","0","1"
"MKY0583","17","x147y247","Abp1","1","1"
"MKY0583","17","x212y156","Abp1","0","1"
"MKY0583","17","x352y718","Abp1","0","1"
"MKY0583","17","x591y570","Abp1","0","1"
"MKY0583","17","x597y750","Abp1","1","1"
"MKY0583","17","x68y495","Abp1","0","1"
"MKY0583","17","x827y470","Abp1","0","1"
"MKY0583","18","x1250y615","Abp1","1","1"
"MKY0583","18","x1295y429","Abp1","0","1"
"MKY0583","18","x442y196","Abp1","0","1"
"MKY0583","18","x697y242","Abp1","0","1"
"MKY3472","08","x547y517","Sla2","1","2"
"MKY0583","04","x1159y863","Abp1","0","2"
"MKY3483","06","x287y219","End3","1","2"
"MKY0578","05","x381y43","Sla1","1","2"
"MKY0578","10","x913y333","Sla1","1","2"
"MKY0578","01","x242y342","Sla1","1","2"
"MKY3497","05","x233y447","Myo5","0","2"
"MKY3471","15","x880y861","Syp1","1","2"
"MKY0583","15","x727y391","Abp1","0","2"
"MKY3454","15","x186y463","Ent1","1","2"
"MKY3497","04","x579y95","Myo5","1","2"
"MKY3485","15","x1063y541","Las17","1","2"
"MKY0583","12","x1019y733","Abp1","0","2"
"MKY3454","07","x881y944","Ent1","1","2"
"MKY3497","08","x735y332","Myo5","0","2"
"MKY3487","12","x511y914","Rvs167","0","2"
"MKY3485","13","x1255y209","Las17","1","2"
"MKY3485","15","x977y427","Las17","1","2"
"MKY3487","12","x1127y832","Rvs167","0","2"
"MKY3487","02","x248y235","Rvs167","0","2"
"MKY3487","07","x1281y605","Rvs167","0","2"
"MKY3454","09","x671y51","Ent1","1","2"
"MKY3483","08","x785y467","End3","1","2"
"MKY3483","02","x366y817","End3","1","2"
"MKY0578","04","x1185y283","Sla1","1","2"
"MKY3454","15","x164y421","Ent1","1","2"
"MKY3472","15","x623y901","Sla2","1","2"
"MKY3496","15","x1284y391","Pan1","1","2"
"MKY3487","07","x202y47","Rvs167","0","2"
"MKY0583","03","x181y271","Abp1","0","2"
"MKY3485","02","x817y570","Las17","0","2"
"MKY3496","02","x65y809","Pan1","1","2"
"MKY3454","12","x501y325","Ent1","1","2"
"MKY3485","10","x1133y205","Las17","1","2"
"MKY3496","13","x577y945","Pan1","1","2"
"MKY0583","08","x375y155","Abp1","0","2"
"MKY3487","05","x149y547","Rvs167","1","2"
"MKY3485","04","x437y572","Las17","1","2"
"MKY0583","10","x183y895","Abp1","0","2"
"MKY3472","08","x1103y583","Sla2","1","2"
"MKY3472","08","x515y711","Sla2","1","2"
"MKY3483","02","x558y197","End3","1","2"
"MKY3471","13","x1247y603","Syp1","1","2"
"MKY3496","09","x1125y81","Pan1","1","2"
"MKY3483","01","x169y402","End3","1","2"
"MKY3485","15","x1213y931","Las17","0","2"
"MKY3496","12","x617y932","Pan1","1","2"
"MKY3472","09","x897y209","Sla2","1","2"
"MKY3497","11","x603y549","Myo5","1","2"
"MKY3497","07","x387y507","Myo5","0","2"
"MKY3497","14","x277y425","Myo5","1","2"
"MKY3471","11","x1287y99","Syp1","1","2"
"MKY3471","09","x329y315","Syp1","1","2"
"MKY3454","13","x207y631","Ent1","1","2"
"MKY3472","04","x197y195","Sla2","1","2"
"MKY3471","09","x563y111","Syp1","1","2"
"MKY3454","08","x45y557","Ent1","1","2"
"MKY3496","01","x231y907","Pan1","1","2"
"MKY3483","11","x291y935","End3","1","2"
"MKY3483","12","x913y511","End3","1","2"
"MKY3487","13","x1027y957","Rvs167","0","2"
"MKY3483","04","x561y675","End3","1","2"
"MKY3454","12","x879y963","Ent1","1","2"
"MKY3472","11","x100y952","Sla2","1","2"
"MKY3483","03","x1029y345","End3","1","2"
"MKY3487","14","x501y219","Rvs167","0","2"
"MKY3483","03","x325y749","End3","1","2"
"MKY0578","11","x365y515","Sla1","1","2"
"MKY0583","07","x1253y631","Abp1","0","2"
"MKY3487","08","x1228y525","Rvs167","0","2"
"MKY3454","11","x975y874","Ent1","1","2"
"MKY3496","07","x279y769","Pan1","1","2"
"MKY3471","11","x1249y53","Syp1","1","2"
"MKY3496","13","x649y775","Pan1","1","2"
"MKY3496","11","x951y459","Pan1","1","2"
"MKY0583","01","x636y601","Abp1","1","2"
"MKY3471","08","x151y971","Syp1","1","2"
"MKY3454","12","x867y699","Ent1","1","2"
"MKY3496","02","x667y697","Pan1","1","2"
"MKY3485","09","x1163y463","Las17","1","2"
"MKY3483","15","x885y73","End3","1","2"
"MKY3485","15","x495y19","Las17","0","2"
"MKY3483","14","x917y47","End3","1","2"
"MKY3485","12","x939y699","Las17","1","2"
"MKY3485","10","x607y919","Las17","1","2"
"MKY0583","02","x89y895","Abp1","0","2"
"MKY0583","01","x964y851","Abp1","0","2"
"MKY3497","02","x649y375","Myo5","0","2"
"MKY3483","11","x509y192","End3","1","2"
"MKY3472","01","x935y899","Sla2","1","2"
"MKY3496","14","x637y5","Pan1","1","2"
"MKY3487","06","x636y19","Rvs167","0","2"
"MKY3471","15","x216y511","Syp1","1","2"
"MKY3472","12","x919y689","Sla2","1","2"
"MKY0578","14","x119y611","Sla1","1","2"
"MKY0578","03","x85y523","Sla1","1","2"
"MKY3454","09","x1137y947","Ent1","1","2"
"MKY0583","08","x219y519","Abp1","0","2"
"MKY3472","04","x575y517","Sla2","1","2"
"MKY0578","01","x620y120","Sla1","1","2"
"MKY3497","15","x883y361","Myo5","0","2"
"MKY3496","05","x239y315","Pan1","1","2"
"MKY3483","10","x1031y625","End3","1","2"
"MKY0578","08","x909y767","Sla1","1","2"
"MKY3487","07","x2y517","Rvs167","0","2"
"MKY3487","03","x1247y647","Rvs167","0","2"
"MKY3454","02","x1233y2","Ent1","1","2"
"MKY3483","02","x640y359","End3","1","2"
"MKY3472","07","x229y461","Sla2","1","2"
"MKY3485","03","x243y715","Las17","1","2"
"MKY3497","01","x389y885","Myo5","0","2"
"MKY3487","01","x751y411","Rvs167","0","2"
"MKY0578","12","x1043y0","Sla1","1","2"
"MKY3487","08","x935y103","Rvs167","0","2"
"MKY0583","06","x1205y515","Abp1","0","2"
"MKY0578","11","x1249y451","Sla1","1","2"
"MKY3483","03","x841y199","End3","1","2"
"MKY3485","14","x323y541","Las17","1","2"
"MKY0583","08","x111y537","Abp1","0","2"
"MKY0578","03","x1117y873","Sla1","1","2"
"MKY3483","05","x349y280","End3","1","2"
"MKY3472","04","x647y984","Sla2","1","2"
"MKY3454","05","x163y633","Ent1","1","2"
"MKY0583","12","x1059y747","Abp1","0","2"
"MKY3472","02","x889y595","Sla2","1","2"
"MKY3497","11","x45y183","Myo5","1","2"
"MKY3487","02","x1187y883","Rvs167","1","2"
"MKY0578","07","x66y403","Sla1","1","2"
"MKY3497","05","x439y447","Myo5","0","2"
"MKY3497","06","x1003y849","Myo5","1","2"
"MKY3497","06","x1153y491","Myo5","0","2"
"MKY3497","13","x859y55","Myo5","0","2"
"MKY3485","12","x179y267","Las17","0","2"
"MKY3496","14","x401y642","Pan1","1","2"
"MKY3472","03","x247y115","Sla2","1","2"
"MKY3471","07","x683y483","Syp1","1","2"
"MKY0583","10","x1197y739","Abp1","0","2"
"MKY3485","12","x687y345","Las17","1","2"
"MKY0578","11","x497y229","Sla1","1","2"
"MKY3471","10","x463y496","Syp1","1","2"
"MKY3472","12","x713y174","Sla2","1","2"
"MKY3485","15","x1145y689","Las17","0","2"
"MKY3497","10","x797y153","Myo5","1","2"
"MKY3471","04","x1177y515","Syp1","1","2"
"MKY0578","03","x1081y460","Sla1","1","2"
"MKY3487","05","x181y425","Rvs167","1","2"
"MKY3496","11","x307y641","Pan1","1","2"
"MKY3471","03","x197y777","Syp1","1","2"
"MKY3454","15","x211y115","Ent1","1","2"
"MKY3471","14","x1102y459","Syp1","1","2"
"MKY3485","01","x1235y613","Las17","0","2"
"MKY3485","13","x677y523","Las17","1","2"
"MKY3485","09","x20y681","Las17","1","2"
"MKY0583","06","x183y899","Abp1","0","2"
"MKY3497","01","x513y127","Myo5","0","2"
"MKY0583","06","x191y821","Abp1","0","2"
"MKY3471","01","x483y615","Syp1","1","2"
"MKY3496","14","x799y97","Pan1","1","2"
"MKY0583","09","x739y821","Abp1","0","2"
"MKY3487","05","x77y367","Rvs167","0","2"
"MKY3496","03","x465y569","Pan1","1","2"
"MKY3496","08","x715y555","Pan1","1","2"
"MKY0583","11","x203y331","Abp1","0","2"
"MKY3483","02","x1250y865","End3","1","2"
"MKY3483","06","x951y567","End3","1","2"
"MKY3485","11","x129y221","Las17","1","2"
"MKY3487","15","x646y839","Rvs167","0","2"
"MKY3496","10","x189y409","Pan1","0","2"
"MKY3497","01","x517y187","Myo5","0","2"
"MKY3487","14","x567y251","Rvs167","0","2"
"MKY3471","09","x783y911","Syp1","1","2"
"MKY0583","04","x101y805","Abp1","1","2"
"MKY3487","04","x611y579","Rvs167","0","2"
"MKY3471","06","x17y201","Syp1","1","2"
"MKY3471","13","x879y655","Syp1","1","2"
"MKY3483","05","x927y495","End3","1","2"
"MKY3454","03","x977y313","Ent1","1","2"
"MKY0578","10","x939y443","Sla1","1","2"
"MKY3483","11","x1063y287","End3","1","2"
"MKY3485","06","x113y225","Las17","1","2"
"MKY3472","09","x297y117","Sla2","1","2"
"MKY3471","04","x1125y479","Syp1","1","2"
"MKY0583","14","x801y453","Abp1","0","2"
"MKY3487","14","x549y839","Rvs167","0","2"
"MKY3496","14","x675y106","Pan1","1","2"
"MKY3487","08","x177y449","Rvs167","0","2"
"MKY3485","08","x1191y19","Las17","1","2"
"MKY3471","12","x281y34","Syp1","1","2"
"MKY0583","15","x493y425","Abp1","0","2"
"MKY3485","07","x467y745","Las17","1","2"
"MKY3485","08","x687y121","Las17","1","2"
"MKY3487","07","x1198y963","Rvs167","0","2"
"MKY3487","06","x904y921","Rvs167","1","2"
"MKY3487","11","x379y942","Rvs167","0","2"
"MKY0583","01","x705y847","Abp1","0","2"
"MKY3471","08","x203y287","Syp1","1","2"
"MKY3485","15","x573y421","Las17","1","2"
"MKY3472","12","x545y279","Sla2","1","2"
"MKY3487","03","x301y623","Rvs167","0","2"
"MKY0578","13","x829y201","Sla1","0","2"
"MKY0583","13","x1249y499","Abp1","0","2"
"MKY0583","10","x651y471","Abp1","0","2"
"MKY0583","15","x1281y147","Abp1","0","2"
"MKY0583","08","x815y919","Abp1","0","2"
"MKY3483","07","x39y708","End3","1","2"
"MKY0578","12","x155y278","Sla1","1","2"
"MKY3454","12","x269y773","Ent1","1","2"
"MKY3497","02","x789y435","Myo5","1","2"
"MKY0583","12","x5y421","Abp1","0","2"
"MKY0583","03","x161y495","Abp1","0","2"
"MKY3471","14","x894y691","Syp1","1","2"
"MKY3471","15","x1286y69","Syp1","1","2"
"MKY3497","02","x633y29","Myo5","0","2"
"MKY0583","07","x469y817","Abp1","0","2"
"MKY3454","13","x479y899","Ent1","1","2"
"MKY0583","02","x115y87","Abp1","1","2"
"MKY3483","14","x597y261","End3","1","2"
"MKY3472","14","x189y425","Sla2","1","2"
"MKY3487","04","x1254y745","Rvs167","0","2"
"MKY3454","04","x943y251","Ent1","1","2"
"MKY0583","13","x121y263","Abp1","0","2"
"MKY3471","08","x201y399","Syp1","1","2"
"MKY3485","13","x1141y99","Las17","1","2"
"MKY3454","08","x797y619","Ent1","1","2"
"MKY3487","03","x831y93","Rvs167","0","2"
"MKY0578","14","x105y71","Sla1","1","2"
"MKY3454","01","x625y829","Ent1","1","2"
"MKY3471","01","x617y57","Syp1","1","2"
"MKY3471","04","x983y687","Syp1","1","2"
"MKY3483","03","x1179y727","End3","1","2"
"MKY3471","09","x761y137","Syp1","1","2"
"MKY3472","10","x615y627","Sla2","1","2"
"MKY3471","15","x352y691","Syp1","1","2"
"MKY3485","15","x539y145","Las17","1","2"
"MKY3454","02","x31y872","Ent1","1","2"
"MKY0583","14","x577y849","Abp1","0","2"
"MKY3485","05","x211y425","Las17","1","2"
"MKY3472","06","x653y699","Sla2","1","2"
"MKY3471","03","x157y429","Syp1","1","2"
"MKY0583","06","x343y307","Abp1","0","2"
"MKY3472","10","x225y845","Sla2","1","2"
"MKY3471","11","x321y201","Syp1","1","2"
"MKY0583","11","x131y833","Abp1","0","2"
"MKY0583","07","x755y309","Abp1","0","2"
"MKY3487","15","x590y859","Rvs167","0","2"
"MKY3454","11","x61y213","Ent1","1","2"
"MKY0578","03","x401y897","Sla1","0","2"
"MKY3471","05","x615y275","Syp1","1","2"
"MKY3471","07","x1235y907","Syp1","1","2"
"MKY0578","13","x263y819","Sla1","1","2"
"MKY3487","05","x877y545","Rvs167","0","2"
"MKY3471","05","x1053y647","Syp1","1","2"
"MKY3472","02","x565y721","Sla2","1","2"
"MKY3487","15","x132y139","Rvs167","0","2"
"MKY3471","02","x1028y651","Syp1","1","2"
"MKY3483","10","x327y279","End3","1","2"
"MKY3471","09","x173y529","Syp1","1","2"
"MKY3496","12","x549y268","Pan1","1","2"
"MKY3454","10","x27y369","Ent1","1","2"
"MKY3497","14","x1183y71","Myo5","0","2"
"MKY3487","07","x60y461","Rvs167","0","2"
"MKY3497","03","x227y137","Myo5","0","2"
"MKY3472","01","x1227y609","Sla2","1","2"
"MKY3485","14","x871y861","Las17","1","2"
"MKY3496","10","x187y417","Pan1","0","2"
"MKY3487","15","x130y869","Rvs167","0","2"
"MKY3497","08","x831y126","Myo5","1","2"
"MKY0578","02","x897y33","Sla1","1","2"
"MKY3487","10","x815y697","Rvs167","0","2"
"MKY3485","01","x423y875","Las17","1","2"
"MKY3485","04","x847y558","Las17","1","2"
"MKY3483","14","x1207y859","End3","1","2"
"MKY3471","14","x253y871","Syp1","1","2"
"MKY3487","13","x1099y847","Rvs167","1","2"
"MKY3485","05","x1131y333","Las17","1","2"
"MKY3487","12","x157y691","Rvs167","0","2"
"MKY3496","06","x217y717","Pan1","1","2"
"MKY3454","14","x793y453","Ent1","1","2"
"MKY3496","07","x761y13","Pan1","1","2"
"MKY3471","13","x875y55","Syp1","1","2"
"MKY0578","11","x897y809","Sla1","1","2"
"MKY0583","07","x429y617","Abp1","0","2"
"MKY3496","02","x1269y607","Pan1","1","2"
"MKY3454","01","x717y239","Ent1","1","2"
"MKY0578","04","x731y155","Sla1","1","2"
"MKY3472","04","x761y131","Sla2","1","2"
"MKY3483","07","x1155y842","End3","1","2"
"MKY0583","01","x812y333","Abp1","0","2"
"MKY0583","15","x161y835","Abp1","0","2"
"MKY3471","09","x23y783","Syp1","1","2"
"MKY0578","09","x1119y825","Sla1","1","2"
"MKY3471","06","x171y141","Syp1","1","2"
"MKY3471","02","x550y911","Syp1","1","2"
"MKY3497","01","x753y731","Myo5","1","2"
"MKY3472","01","x1073y515","Sla2","1","2"
"MKY3472","13","x67y609","Sla2","1","2"
"MKY3487","11","x1195y908","Rvs167","0","2"
"MKY3496","15","x834y845","Pan1","1","2"
"MKY3471","12","x471y20","Syp1","1","2"
"MKY3483","05","x961y984","End3","1","2"
"MKY3483","12","x995y597","End3","1","2"
"MKY3454","13","x1057y936","Ent1","1","2"
"MKY0583","06","x283y95","Abp1","0","2"
"MKY3487","10","x731y348","Rvs167","0","2"
"MKY3471","04","x423y461","Syp1","1","2"
"MKY3485","05","x279y519","Las17","1","2"
"MKY0578","15","x1035y89","Sla1","1","2"
"MKY0583","12","x87y193","Abp1","0","2"
"MKY3485","03","x117y467","Las17","1","2"
"MKY0583","01","x1296y813","Abp1","1","2"
"MKY3454","03","x435y627","Ent1","1","2"
"MKY3454","07","x581y960","Ent1","1","2"
"MKY3454","15","x589y93","Ent1","1","2"
"MKY0578","08","x487y267","Sla1","1","2"
"MKY0583","07","x501y97","Abp1","0","2"
"MKY3485","10","x1287y783","Las17","1","2"
"MKY0578","15","x1229y189","Sla1","1","2"
"MKY3472","01","x87y303","Sla2","1","2"
"MKY0583","02","x1147y431","Abp1","0","2"
"MKY0578","03","x65y409","Sla1","1","2"
"MKY3483","04","x629y900","End3","1","2"
"MKY3454","14","x179y889","Ent1","1","2"
"MKY0583","13","x505y25","Abp1","0","2"
"MKY3454","14","x419y87","Ent1","1","2"
"MKY3472","14","x75y193","Sla2","1","2"
"MKY3483","04","x1304y373","End3","1","2"
"MKY3454","13","x1145y44","Ent1","1","2"
"MKY3472","06","x133y337","Sla2","1","2"
"MKY3497","08","x1087y870","Myo5","0","2"
"MKY3471","01","x561y83","Syp1","1","2"
"MKY3483","09","x1046y342","End3","1","2"
"MKY3487","06","x926y809","Rvs167","0","2"
"MKY0578","01","x298y852","Sla1","1","2"
"MKY0583","11","x869y305","Abp1","0","2"
"MKY3483","07","x1087y106","End3","1","2"
"MKY0578","14","x399y159","Sla1","1","2"
"MKY3454","06","x385y109","Ent1","1","2"
"MKY3485","11","x297y429","Las17","1","2"
"MKY3485","08","x1165y189","Las17","1","2"
"MKY3487","05","x663y10","Rvs167","1","2"
"MKY3472","03","x141y887","Sla2","1","2"
"MKY3471","14","x844y661","Syp1","1","2"
"MKY3471","13","x297y203","Syp1","1","2"
"MKY0578","11","x507y621","Sla1","1","2"
"MKY0583","10","x1287y555","Abp1","0","2"
"MKY3483","12","x425y657","End3","1","2"
"MKY3487","10","x657y682","Rvs167","0","2"
"MKY0583","12","x41y477","Abp1","0","2"
"MKY3496","12","x1219y374","Pan1","1","2"
"MKY3471","05","x503y613","Syp1","1","2"
"MKY3497","07","x1085y357","Myo5","1","2"
"MKY3471","05","x1109y619","Syp1","1","2"
"MKY3483","07","x777y958","End3","1","2"
"MKY3497","07","x157y197","Myo5","1","2"
"MKY3487","14","x1183y117","Rvs167","0","2"
"MKY0583","03","x1101y9","Abp1","0","2"
"MKY0578","14","x497y509","Sla1","1","2"
"MKY3497","08","x161y849","Myo5","0","2"
"MKY0578","05","x367y79","Sla1","1","2"
"MKY3485","01","x351y491","Las17","1","2"
"MKY0583","07","x567y801","Abp1","0","2"
"MKY3471","15","x1111y199","Syp1","1","2"
"MKY3497","08","x711y588","Myo5","1","2"
"MKY3471","12","x841y370","Syp1","1","2"
"MKY0583","10","x799y841","Abp1","0","2"
"MKY0578","01","x630y490","Sla1","1","2"
"MKY3497","14","x1267y157","Myo5","1","2"
"MKY3454","07","x555y84","Ent1","1","2"
"MKY3471","04","x1101y81","Syp1","1","2"
"MKY3471","06","x251y875","Syp1","1","2"
"MKY3483","06","x631y935","End3","1","2"
"MKY3487","01","x1017y117","Rvs167","0","2"
"MKY0583","13","x935y437","Abp1","0","2"
"MKY3472","10","x701y215","Sla2","1","2"
"MKY3472","12","x951y161","Sla2","1","2"
"MKY3487","09","x191y443","Rvs167","0","2"
"MKY0583","05","x903y893","Abp1","0","2"
"MKY0583","01","x1060y43","Abp1","1","2"
"MKY3487","06","x1210y723","Rvs167","0","2"
"MKY3471","13","x157y845","Syp1","1","2"
"MKY3497","12","x353y416","Myo5","0","2"
"MKY3471","10","x861y320","Syp1","1","2"
"MKY0578","10","x855y713","Sla1","1","2"
"MKY3483","06","x1043y87","End3","1","2"
"MKY3496","07","x137y397","Pan1","1","2"
"MKY3487","11","x523y488","Rvs167","0","2"
"MKY0583","04","x389y0","Abp1","0","2"
"MKY3487","15","x1126y459","Rvs167","1","2"
"MKY3471","12","x43y889","Syp1","1","2"
"MKY3485","10","x465y99","Las17","1","2"
"MKY3485","08","x1041y175","Las17","1","2"
"MKY3496","04","x418y459","Pan1","1","2"
"MKY3497","15","x717y303","Myo5","0","2"
"MKY0583","02","x663y701","Abp1","0","2"
"MKY3487","15","x1276y449","Rvs167","0","2"
"MKY3487","11","x463y137","Rvs167","0","2"
"MKY3454","13","x163y821","Ent1","1","2"
"MKY3487","06","x70y797","Rvs167","0","2"
"MKY3497","07","x363y43","Myo5","0","2"
"MKY0578","15","x31y91","Sla1","1","2"
"MKY3471","10","x52y136","Syp1","1","2"
"MKY3496","09","x331y33","Pan1","1","2"
"MKY3483","01","x199y206","End3","1","2"
"MKY3471","10","x1287y328","Syp1","1","2"
"MKY3483","07","x701y980","End3","1","2"
"MKY3454","15","x751y495","Ent1","1","2"
"MKY3497","14","x723y797","Myo5","1","2"
"MKY3471","15","x152y743","Syp1","1","2"
"MKY3496","09","x487y503","Pan1","1","2"
"MKY3487","05","x103y411","Rvs167","0","2"
"MKY0578","13","x487y549","Sla1","1","2"
"MKY3496","05","x355y984","Pan1","1","2"
"MKY3454","01","x415y881","Ent1","1","2"
"MKY3487","13","x1015y181","Rvs167","0","2"
"MKY3471","08","x897y5","Syp1","1","2"
"MKY3454","10","x305y457","Ent1","1","2"
"MKY3497","02","x31y117","Myo5","0","2"
"MKY3454","03","x335y525","Ent1","1","2"
"MKY3485","01","x863y103","Las17","1","2"
"MKY3485","09","x496y513","Las17","1","2"
"MKY3472","12","x545y207","Sla2","1","2"
"MKY3471","03","x693y115","Syp1","1","2"
"MKY0583","15","x317y271","Abp1","1","2"
"MKY3485","15","x913y525","Las17","1","2"
"MKY3496","06","x907y385","Pan1","1","2"
"MKY3471","13","x341y237","Syp1","1","2"
"MKY3472","11","x838y920","Sla2","1","2"
"MKY3487","14","x1071y329","Rvs167","0","2"
"MKY0583","01","x916y83","Abp1","0","2"
"MKY3483","07","x631y667","End3","1","2"
"MKY3487","14","x121y777","Rvs167","0","2"
"MKY3485","07","x851y871","Las17","1","2"
"MKY3487","09","x269y437","Rvs167","1","2"
"MKY3496","07","x689y965","Pan1","1","2"
"MKY3472","11","x1298y808","Sla2","1","2"
"MKY0583","05","x1129y305","Abp1","1","2"
"MKY0578","15","x1153y253","Sla1","1","2"
"MKY0578","05","x199y219","Sla1","1","2"
"MKY3485","15","x1099y169","Las17","1","2"
"MKY3496","12","x549y207","Pan1","1","2"
"MKY3485","11","x153y299","Las17","1","2"
"MKY3497","05","x661y217","Myo5","1","2"
"MKY0583","15","x983y259","Abp1","0","2"
"MKY3471","03","x1201y787","Syp1","1","2"
"MKY3497","09","x403y655","Myo5","0","2"
"MKY3471","02","x942y603","Syp1","1","2"
"MKY0583","11","x1157y685","Abp1","0","2"
"MKY3487","01","x713y73","Rvs167","1","2"
"MKY0578","15","x293y455","Sla1","1","2"
"MKY3454","09","x763y855","Ent1","1","2"
"MKY3487","12","x1067y542","Rvs167","0","2"
"MKY3454","02","x797y973","Ent1","1","2"
"MKY3497","02","x1185y253","Myo5","1","2"
"MKY3483","10","x235y29","End3","1","2"
"MKY3497","10","x545y877","Myo5","0","2"
"MKY0578","07","x584y251","Sla1","0","2"
"MKY3485","13","x851y467","Las17","1","2"
"MKY0583","14","x143y877","Abp1","0","2"
"MKY3487","04","x1117y129","Rvs167","1","2"
"MKY3471","02","x296y377","Syp1","1","2"
"MKY3487","06","x512y601","Rvs167","0","2"
"MKY3496","11","x505y813","Pan1","1","2"
"MKY3487","14","x921y325","Rvs167","0","2"
"MKY3483","04","x721y963","End3","1","2"
"MKY3487","13","x561y943","Rvs167","0","2"
"MKY3487","05","x867y97","Rvs167","0","2"
"MKY3485","12","x973y309","Las17","1","2"
"MKY3487","14","x1085y441","Rvs167","0","2"
"MKY3487","09","x437y547","Rvs167","0","2"
"MKY3487","01","x59y980","Rvs167","0","2"
"MKY3497","12","x683y514","Myo5","0","2"
"MKY3496","03","x487y982","Pan1","1","2"
"MKY3485","09","x465y475","Las17","1","2"
"MKY3497","15","x1031y103","Myo5","1","2"
"MKY3471","10","x755y224","Syp1","1","2"
"MKY3483","12","x885y635","End3","1","2"
"MKY0583","04","x443y205","Abp1","0","2"
"MKY3497","14","x509y519","Myo5","1","2"
"MKY3497","04","x701y103","Myo5","1","2"
"MKY3472","09","x187y113","Sla2","1","2"
"MKY3497","03","x1011y629","Myo5","1","2"
"MKY3471","04","x283y255","Syp1","1","2"
"MKY3454","09","x1091y333","Ent1","1","2"
"MKY3485","12","x867y0","Las17","1","2"
"MKY3496","09","x587y453","Pan1","1","2"
"MKY3483","09","x996y380","End3","1","2"
"MKY3483","01","x163y22","End3","1","2"
"MKY3483","06","x185y445","End3","1","2"
"MKY0583","03","x189y561","Abp1","1","2"
"MKY0583","12","x355y779","Abp1","0","2"
"MKY3487","10","x621y630","Rvs167","0","2"
"MKY3471","13","x831y129","Syp1","1","2"
"MKY3485","05","x331y527","Las17","1","2"
"MKY3471","10","x545y750","Syp1","1","2"
"MKY3485","04","x509y934","Las17","1","2"
"MKY3454","08","x1173y655","Ent1","1","2"
"MKY3483","15","x697y143","End3","1","2"
"MKY3454","01","x583y749","Ent1","1","2"
"MKY3496","08","x345y671","Pan1","1","2"
"MKY3454","14","x119y841","Ent1","1","2"
"MKY3497","03","x195y353","Myo5","0","2"
"MKY0583","09","x891y451","Abp1","0","2"
"MKY0583","02","x1253y387","Abp1","0","2"
"MKY0583","08","x199y563","Abp1","0","2"
"MKY3487","09","x29y789","Rvs167","1","2"
"MKY3454","12","x815y613","Ent1","1","2"
"MKY3471","06","x341y795","Syp1","1","2"
"MKY3472","12","x207y773","Sla2","1","2"
"MKY3483","01","x297y464","End3","1","2"
"MKY3483","13","x641y897","End3","1","2"
"MKY3454","08","x655y823","Ent1","1","2"
"MKY0583","09","x613y839","Abp1","0","2"
"MKY0578","05","x1013y911","Sla1","1","2"
"MKY3483","11","x1155y345","End3","1","2"
"MKY0578","15","x143y301","Sla1","1","2"
"MKY3487","02","x1304y891","Rvs167","0","2"
"MKY3483","06","x1021y465","End3","1","2"
"MKY0583","10","x693y911","Abp1","0","2"
"MKY0578","10","x667y189","Sla1","1","2"
"MKY3454","09","x607y81","Ent1","1","2"
"MKY3471","03","x1283y435","Syp1","1","2"
"MKY3485","06","x551y69","Las17","1","2"
"MKY3472","06","x1143y367","Sla2","1","2"
"MKY3485","06","x287y659","Las17","1","2"
"MKY3471","06","x873y331","Syp1","1","2"
"MKY3487","10","x39y815","Rvs167","0","2"
"MKY3497","10","x889y559","Myo5","0","2"
"MKY3487","06","x668y13","Rvs167","0","2"
"MKY3497","11","x935y910","Myo5","1","2"
"MKY0583","13","x789y797","Abp1","0","2"
"MKY3471","14","x42y599","Syp1","1","2"
"MKY3496","05","x1163y256","Pan1","1","2"
"MKY3471","11","x959y509","Syp1","1","2"
"MKY3471","09","x943y797","Syp1","1","2"
"MKY0578","09","x1187y257","Sla1","1","2"
"MKY3472","03","x885y429","Sla2","1","2"
"MKY3471","07","x1173y881","Syp1","1","2"
"MKY3497","06","x255y885","Myo5","1","2"
"MKY3497","06","x1099y549","Myo5","1","2"
"MKY3496","12","x911y588","Pan1","1","2"
"MKY3454","01","x817y933","Ent1","1","2"
"MKY3485","07","x479y573","Las17","1","2"
"MKY0578","01","x662y958","Sla1","1","3"
"MKY0583","08","x352y457","Abp1","0","3"
"MKY3497","03","x197y844","Myo5","1","3"
"MKY3487","14","x369y786","Rvs167","0","3"
"MKY3496","08","x1142y561","Pan1","1","3"
"MKY0583","02","x873y60","Abp1","0","3"
"MKY0583","07","x717y654","Abp1","0","3"
"MKY3487","04","x104y682","Rvs167","0","3"
"MKY3497","02","x160y344","Myo5","1","3"
"MKY3497","15","x765y246","Myo5","0","3"
"MKY3497","13","x323y353","Myo5","0","3"
"MKY0578","10","x1105y510","Sla1","1","3"
"MKY3497","11","x102y25","Myo5","0","3"
"MKY3496","10","x889y644","Pan1","1","3"
"MKY3487","13","x1271y338","Rvs167","0","3"
"MKY3497","03","x541y824","Myo5","1","3"
"MKY3497","13","x708y772","Myo5","0","3"
"MKY0578","01","x1213y689","Sla1","1","3"
"MKY0578","06","x688y903","Sla1","1","3"
"MKY0578","05","x1059y284","Sla1","1","3"
"MKY0578","11","x958y698","Sla1","1","3"
"MKY3496","15","x1091y573","Pan1","1","3"
"MKY0578","07","x492y344","Sla1","1","3"
"MKY0583","04","x1128y701","Abp1","1","3"
"MKY3487","02","x526y474","Rvs167","0","3"
"MKY3496","01","x168y397","Pan1","1","3"
"MKY0578","02","x1198y632","Sla1","1","3"
"MKY3497","08","x110y97","Myo5","0","3"
"MKY0578","04","x455y799","Sla1","1","3"
"MKY0583","01","x350y614","Abp1","0","3"
"MKY3496","04","x884y658","Pan1","1","3"
"MKY3487","15","x149y306","Rvs167","0","3"
"MKY3487","12","x144y810","Rvs167","0","3"
"MKY3487","12","x477y493","Rvs167","0","3"
"MKY3496","11","x794y771","Pan1","1","3"
"MKY0583","11","x725y928","Abp1","0","3"
"MKY0578","09","x101y534","Sla1","1","3"
"MKY3487","06","x32y324","Rvs167","0","3"
"MKY0578","09","x1265y422","Sla1","1","3"
"MKY0578","02","x127y733","Sla1","1","3"
"MKY3496","08","x1269y3","Pan1","1","3"
"MKY3487","05","x432y513","Rvs167","0","3"
"MKY3497","12","x1040y738","Myo5","0","3"
"MKY3487","07","x238y97","Rvs167","0","3"
"MKY0583","01","x651y932","Abp1","0","3"
"MKY0583","10","x973y228","Abp1","1","3"
"MKY3487","12","x577y465","Rvs167","0","3"
"MKY3487","04","x885y565","Rvs167","0","3"
"MKY3496","06","x629y85","Pan1","1","3"
"MKY3496","05","x1287y68","Pan1","1","3"
"MKY3496","05","x264y673","Pan1","1","3"
"MKY0583","01","x1111y6","Abp1","1","3"
"MKY0578","02","x1193y261","Sla1","1","3"
"MKY3487","06","x89y845","Rvs167","0","3"
"MKY3487","14","x552y884","Rvs167","0","3"
"MKY0578","05","x759y560","Sla1","1","3"
"MKY0583","03","x793y129","Abp1","0","3"
"MKY3487","09","x778y371","Rvs167","0","3"
"MKY0578","06","x321y491","Sla1","1","3"
"MKY0583","05","x316y451","Abp1","0","3"
"MKY3496","05","x851y725","Pan1","1","3"
"MKY3487","14","x1098y329","Rvs167","0","3"
"MKY0578","01","x528y931","Sla1","1","3"
"MKY3487","05","x659y976","Rvs167","0","3"
"MKY3496","01","x106y809","Pan1","1","3"
"MKY0583","12","x101y833","Abp1","0","3"
"MKY3487","04","x476y392","Rvs167","0","3"
"MKY3487","12","x1156y686","Rvs167","0","3"
"MKY0578","07","x100y638","Sla1","1","3"
"MKY0583","12","x1035y629","Abp1","0","3"
"MKY3497","12","x771y287","Myo5","1","3"
"MKY0578","15","x7y373","Sla1","1","3"
"MKY3497","12","x584y837","Myo5","0","3"
"MKY3497","04","x452y148","Myo5","1","3"
"MKY0583","14","x625y914","Abp1","0","3"
"MKY0578","11","x1244y38","Sla1","1","3"
"MKY3496","13","x223y735","Pan1","1","3"
"MKY3497","13","x324y939","Myo5","1","3"
"MKY3487","11","x10y17","Rvs167","0","3"
"MKY0578","03","x825y224","Sla1","1","3"
"MKY0578","02","x1121y285","Sla1","0","3"
"MKY3497","08","x410y723","Myo5","1","3"
"MKY0583","04","x219y339","Abp1","0","3"
"MKY3496","03","x214y330","Pan1","1","3"
"MKY3487","10","x712y385","Rvs167","0","3"
"MKY0578","06","x907y694","Sla1","1","3"
"MKY3487","15","x1040y436","Rvs167","0","3"
"MKY3487","05","x515y111","Rvs167","0","3"
"MKY0578","14","x486y670","Sla1","1","3"
"MKY3497","09","x368y129","Myo5","0","3"
"MKY3496","13","x339y951","Pan1","1","3"
"MKY3487","12","x253y858","Rvs167","1","3"
"MKY3487","07","x912y201","Rvs167","0","3"
"MKY0578","13","x1250y880","Sla1","1","3"
"MKY0583","15","x146y456","Abp1","0","3"
"MKY0578","08","x409y228","Sla1","1","3"
"MKY3497","13","x970y913","Myo5","0","3"
"MKY3487","05","x536y727","Rvs167","0","3"
"MKY0578","13","x613y298","Sla1","1","3"
"MKY0578","09","x776y141","Sla1","1","3"
"MKY3487","08","x351y277","Rvs167","0","3"
"MKY3496","14","x1025y117","Pan1","1","3"
"MKY3497","04","x72y456","Myo5","0","3"
"MKY3496","12","x333y416","Pan1","1","3"
"MKY3497","01","x223y529","Myo5","1","3"
"MKY0578","01","x641y90","Sla1","1","3"
"MKY0583","14","x988y257","Abp1","0","3"
"MKY3487","13","x779y422","Rvs167","0","3"
"MKY3487","09","x329y831","Rvs167","0","3"
"MKY0578","10","x488y202","Sla1","1","3"
"MKY3497","15","x222y984","Myo5","0","3"
"MKY3487","11","x241y454","Rvs167","0","3"
"MKY3487","15","x465y795","Rvs167","0","3"
"MKY3497","09","x418y415","Myo5","0","3"
"MKY0578","04","x1193y134","Sla1","1","3"
"MKY0583","09","x894y324","Abp1","0","3"
"MKY3487","10","x1160y480","Rvs167","1","3"
"MKY3487","08","x1069y349","Rvs167","0","3"
"MKY0583","06","x1290y336","Abp1","0","3"
"MKY0578","03","x259y650","Sla1","1","3"
"MKY0578","02","x805y408","Sla1","1","3"
"MKY0578","12","x304y488","Sla1","1","3"
"MKY3497","15","x6y776","Myo5","0","3"
"MKY0583","05","x913y130","Abp1","0","3"
"MKY3487","03","x258y691","Rvs167","0","3"
"MKY3496","15","x1007y464","Pan1","1","3"
"MKY3487","07","x1226y311","Rvs167","0","3"
"MKY0578","10","x1197y510","Sla1","1","3"
"MKY3487","04","x59y564","Rvs167","0","3"
"MKY0578","07","x1036y458","Sla1","0","3"
"MKY0578","03","x205y374","Sla1","1","3"
"MKY3487","03","x1076y616","Rvs167","0","3"
"MKY3496","10","x165y436","Pan1","1","3"
"MKY0578","07","x1044y870","Sla1","1","3"
"MKY3496","04","x356y956","Pan1","1","3"
"MKY0583","08","x207y678","Abp1","1","3"
"MKY3497","13","x247y227","Myo5","0","3"
"MKY3496","13","x1155y217","Pan1","1","3"
"MKY3487","07","x597y748","Rvs167","0","3"
"MKY3496","03","x221y511","Pan1","1","3"
"MKY0583","16","x500y735","Abp1","0","3"
"MKY0583","09","x148y409","Abp1","0","3"
"MKY3496","02","x120y130","Pan1","1","3"
"MKY3487","09","x44y241","Rvs167","0","3"
"MKY0583","07","x233y919","Abp1","0","3"
"MKY0583","14","x1139y683","Abp1","0","3"
"MKY3496","01","x430y654","Pan1","1","3"
"MKY0583","09","x818y338","Abp1","0","3"
"MKY3497","05","x818y774","Myo5","0","3"
"MKY3496","07","x1064y893","Pan1","1","3"
"MKY3487","03","x0y897","Rvs167","0","3"
"MKY0578","13","x54y635","Sla1","1","3"
"MKY3487","07","x998y285","Rvs167","0","3"
"MKY0583","08","x532y75","Abp1","1","3"
"MKY3496","07","x170y596","Pan1","1","3"
"MKY3496","03","x1235y864","Pan1","1","3"
"MKY3497","10","x993y355","Myo5","1","3"
"MKY3497","12","x716y759","Myo5","1","3"
"MKY0583","14","x876y458","Abp1","0","3"
"MKY0583","09","x1084y756","Abp1","0","3"
"MKY3497","02","x650y587","Myo5","1","3"
"MKY0578","14","x653y508","Sla1","1","3"
"MKY3497","01","x279y749","Myo5","0","3"
"MKY0578","14","x820y436","Sla1","0","3"
"MKY0583","01","x831y682","Abp1","0","3"
"MKY0578","15","x273y769","Sla1","1","3"
"MKY0583","06","x38y754","Abp1","1","3"
"MKY3496","09","x978y437","Pan1","1","3"
"MKY3496","07","x1233y813","Pan1","1","3"
"MKY0578","04","x509y410","Sla1","1","3"
"MKY3487","15","x1187y730","Rvs167","1","3"
"MKY0578","10","x853y369","Sla1","1","3"
"MKY0583","05","x1098y967","Abp1","0","3"
"MKY3496","02","x416y206","Pan1","1","3"
"MKY0583","16","x358y701","Abp1","0","3"
"MKY0578","08","x896y577","Sla1","1","3"
"MKY0583","16","x1208y747","Abp1","0","3"
"MKY0583","02","x666y572","Abp1","1","3"
"MKY3497","01","x679y38","Myo5","1","3"
"MKY3487","15","x169y645","Rvs167","0","3"
"MKY3496","07","x993y447","Pan1","1","3"
"MKY3487","02","x865y151","Rvs167","0","3"
"MKY0578","04","x591y624","Sla1","1","3"
"MKY0583","05","x1098y886","Abp1","1","3"
"MKY3497","03","x273y916","Myo5","1","3"
"MKY0583","03","x1012y731","Abp1","0","3"
"MKY3487","10","x261y163","Rvs167","0","3"
"MKY3487","04","x468y467","Rvs167","0","3"
"MKY0583","16","x1110y720","Abp1","1","3"
"MKY3497","12","x1236y954","Myo5","0","3"
"MKY3496","12","x205y644","Pan1","1","3"
"MKY3487","07","x667y461","Rvs167","0","3"
"MKY3496","10","x1197y766","Pan1","1","3"
"MKY3497","13","x1111y947","Myo5","1","3"
"MKY3487","05","x528y593","Rvs167","0","3"
"MKY3497","08","x297y706","Myo5","0","3"
"MKY3497","13","x361y228","Myo5","0","3"
"MKY3497","14","x816y860","Myo5","0","3"
"MKY0578","15","x677y25","Sla1","1","3"
"MKY3496","03","x626y85","Pan1","1","3"
"MKY0583","06","x1123y332","Abp1","0","3"
"MKY3496","06","x892y428","Pan1","1","3"
"MKY0578","13","x748y569","Sla1","1","3"
"MKY3496","14","x143y569","Pan1","1","3"
"MKY3487","12","x1y349","Rvs167","0","3"
"MKY3497","10","x108y471","Myo5","0","3"
"MKY0578","02","x563y620","Sla1","1","3"
"MKY3496","09","x1238y901","Pan1","1","3"
"MKY3487","03","x195y141","Rvs167","0","3"
"MKY3497","04","x1032y300","Myo5","0","3"
"MKY0583","09","x937y314","Abp1","0","3"
"MKY0578","10","x289y8","Sla1","1","3"
"MKY0578","12","x651y131","Sla1","1","3"
"MKY3487","02","x1071y563","Rvs167","0","3"
"MKY3483","12","x1084y521","End3","1","3"
"MKY3471","14","x382y88","Syp1","1","3"
"MKY3472","11","x977y498","Sla2","1","3"
"MKY3472","15","x321y358","Sla2","1","3"
"MKY3472","09","x1043y917","Sla2","1","3"
"MKY3471","02","x973y581","Syp1","1","3"
"MKY3471","04","x200y426","Syp1","1","3"
"MKY3471","03","x485y256","Syp1","1","3"
"MKY3472","14","x379y162","Sla2","1","3"
"MKY3471","07","x334y534","Syp1","1","3"
"MKY3483","14","x65y380","End3","1","3"
"MKY3454","08","NA","Ent1","1","3"
"MKY3471","10","x613y408","Syp1","1","3"
"MKY3485","09","x379y82","Las17","1","3"
"MKY3471","08","x1259y25","Syp1","1","3"
"MKY3472","13","x74y199","Sla2","1","3"
"MKY3485","09","x537y475","Las17","1","3"
"MKY3472","10","x1165y167","Sla2","1","3"
"MKY3485","13","x969y829","Las17","1","3"
"MKY3454","02","NA","Ent1","1","3"
"MKY3472","07","x780y637","Sla2","1","3"
"MKY3485","06","x305y128","Las17","1","3"
"MKY3485","04","x315y231","Las17","1","3"
"MKY3471","15","x375y453","Syp1","1","3"
"MKY3485","08","x669y24","Las17","1","3"
"MKY3471","01","x1176y188","Syp1","1","3"
"MKY3472","11","x70y351","Sla2","1","3"
"MKY3471","13","x1124y411","Syp1","1","3"
"MKY3472","02","x1100y730","Sla2","1","3"
"MKY3485","03","x1121y951","Las17","1","3"
"MKY3483","05","x809y945","End3","1","3"
"MKY3485","03","x172y731","Las17","1","3"
"MKY3471","11","x306y614","Syp1","1","3"
"MKY3472","04","x1115y13","Sla2","1","3"
"MKY3485","02","x414y455","Las17","1","3"
"MKY3471","02","x48y673","Syp1","1","3"
"MKY3471","04","x501y149","Syp1","1","3"
"MKY3471","12","x439y134","Syp1","1","3"
"MKY3471","04","x1239y469","Syp1","1","3"
"MKY3485","10","x946y518","Las17","1","3"
"MKY3483","06","x555y227","End3","1","3"
"MKY3471","01","x1134y896","Syp1","1","3"
"MKY3485","10","x393y361","Las17","1","3"
"MKY3485","02","x218y94","Las17","1","3"
"MKY3454","01","NA","Ent1","1","3"
"MKY3454","01","NA","Ent1","1","3"
"MKY3471","05","x191y772","Syp1","1","3"
"MKY3472","13","x1014y79","Sla2","1","3"
"MKY3483","09","x1194y494","End3","1","3"
"MKY3483","08","x75y159","End3","1","3"
"MKY3472","11","x890y397","Sla2","1","3"
"MKY3471","11","x59y348","Syp1","1","3"
"MKY3472","10","x238y649","Sla2","1","3"
"MKY3485","10","x537y739","Las17","0","3"
"MKY3471","09","x596y193","Syp1","1","3"
"MKY3454","02","NA","Ent1","1","3"
"MKY3483","06","x568y703","End3","1","3"
"MKY3471","07","x1088y285","Syp1","1","3"
"MKY3485","10","x197y842","Las17","0","3"
"MKY3472","13","x546y758","Sla2","1","3"
"MKY3454","15","NA","Ent1","1","3"
"MKY3454","15","NA","Ent1","1","3"
"MKY3471","05","x971y327","Syp1","1","3"
"MKY3472","05","x498y683","Sla2","1","3"
"MKY3472","12","x417y797","Sla2","1","3"
"MKY3483","07","x937y844","End3","1","3"
"MKY3472","03","x798y142","Sla2","1","3"
"MKY3454","06","NA","Ent1","1","3"
"MKY3485","04","x531y936","Las17","1","3"
"MKY3471","01","x302y694","Syp1","1","3"
"MKY3483","04","x863y193","End3","1","3"
"MKY3454","12","NA","Ent1","1","3"
"MKY3485","05","x271y19","Las17","0","3"
"MKY3472","03","x255y929","Sla2","1","3"
"MKY3483","13","x305y630","End3","1","3"
"MKY3485","01","x38y172","Las17","1","3"
"MKY3454","03","NA","Ent1","1","3"
"MKY3471","10","x1121y489","Syp1","1","3"
"MKY3472","04","x1176y285","Sla2","1","3"
"MKY3454","11","NA","Ent1","1","3"
"MKY3454","06","NA","Ent1","1","3"
"MKY3485","08","x880y394","Las17","1","3"
"MKY3454","09","NA","Ent1","1","3"
"MKY3454","03","NA","Ent1","1","3"
"MKY3483","01","x614y492","End3","1","3"
"MKY3454","14","NA","Ent1","0","3"
"MKY3471","01","x68y574","Syp1","1","3"
"MKY3454","05","NA","Ent1","1","3"
"MKY3471","14","x227y582","Syp1","1","3"
"MKY3472","12","x964y731","Sla2","1","3"
"MKY3471","03","x748y707","Syp1","1","3"
"MKY3472","09","x1143y568","Sla2","1","3"
"MKY3471","03","x208y504","Syp1","1","3"
"MKY3483","04","x161y135","End3","1","3"
"MKY3454","05","NA","Ent1","1","3"
"MKY3472","04","x180y361","Sla2","1","3"
"MKY3485","06","x666y613","Las17","1","3"
"MKY3483","08","x1177y78","End3","1","3"
"MKY3471","14","x856y735","Syp1","1","3"
"MKY3471","11","x359y345","Syp1","1","3"
"MKY3454","07","NA","Ent1","1","3"
"MKY3454","14","NA","Ent1","1","3"
"MKY3472","13","x1255y831","Sla2","1","3"
"MKY3471","03","x847y860","Syp1","1","3"
"MKY3485","02","x1238y490","Las17","1","3"
"MKY3483","03","x417y794","End3","1","3"
"MKY3485","01","x1304y40","Las17","1","3"
"MKY3471","13","x816y586","Syp1","1","3"
"MKY3485","07","x391y447","Las17","1","3"
"MKY3471","15","x400y24","Syp1","1","3"
"MKY3472","01","x207y242","Sla2","0","3"
"MKY3485","09","x469y482","Las17","1","3"
"MKY3454","15","NA","Ent1","1","3"
"MKY3472","02","x48y194","Sla2","1","3"
"MKY3471","05","x1224y491","Syp1","1","3"
"MKY3472","08","x574y170","Sla2","1","3"
"MKY3471","03","x942y295","Syp1","1","3"
"MKY3483","11","x828y679","End3","1","3"
"MKY3483","10","x1045y638","End3","1","3"
"MKY3483","05","x721y623","End3","1","3"
"MKY3483","11","x927y3","End3","1","3"
"MKY3472","15","x287y21","Sla2","1","3"
"MKY3454","07","NA","Ent1","1","3"
"MKY3485","10","x770y537","Las17","1","3"
"MKY3454","05","NA","Ent1","1","3"
"MKY3471","10","x560y131","Syp1","1","3"
"MKY3471","06","x1126y408","Syp1","1","3"
"MKY3485","13","x245y214","Las17","1","3"
"MKY3472","05","x1y33","Sla2","1","3"
"MKY3472","06","x108y528","Sla2","1","3"
"MKY3472","02","x560y974","Sla2","1","3"
"MKY3472","07","x1248y697","Sla2","1","3"
"MKY3471","02","x561y671","Syp1","1","3"
"MKY3472","05","x915y93","Sla2","1","3"
"MKY3454","02","NA","Ent1","1","3"
"MKY3471","15","x1006y6","Syp1","1","3"
"MKY3483","11","x590y712","End3","1","3"
"MKY3471","04","x1055y785","Syp1","1","3"
"MKY3471","01","x1245y328","Syp1","1","3"
"MKY3472","01","x803y336","Sla2","1","3"
"MKY3471","03","x967y627","Syp1","1","3"
"MKY3471","12","x570y448","Syp1","1","3"
"MKY3471","09","x1241y538","Syp1","1","3"
"MKY3454","14","NA","Ent1","1","3"
"MKY3483","15","x153y492","End3","1","3"
"MKY3483","08","x415y33","End3","1","3"
"MKY3485","02","x86y437","Las17","1","3"
"MKY3472","14","x846y591","Sla2","1","3"
"MKY3485","07","x271y813","Las17","1","3"
"MKY3471","15","x50y841","Syp1","1","3"
"MKY3454","04","NA","Ent1","1","3"
"MKY3485","12","x159y662","Las17","1","3"
"MKY3483","10","x1146y126","End3","1","3"
"MKY3471","08","x681y632","Syp1","1","3"
"MKY3471","05","x446y20","Syp1","1","3"
"MKY3454","01","NA","Ent1","1","3"
"MKY3471","13","x1233y551","Syp1","1","3"
"MKY3485","08","x338y771","Las17","1","3"
"MKY3454","09","NA","Ent1","1","3"
"MKY3454","15","NA","Ent1","1","3"
"MKY3472","01","x983y774","Sla2","1","3"
"MKY3472","05","x974y189","Sla2","1","3"
"MKY3472","01","x235y611","Sla2","1","3"
"MKY3472","01","x716y259","Sla2","1","3"
"MKY3483","04","x256y211","End3","1","3"
"MKY3472","03","x899y18","Sla2","1","3"
"MKY3485","13","x451y196","Las17","1","3"
"MKY3471","04","x406y405","Syp1","1","3"
"MKY3483","14","x659y383","End3","1","3"
"MKY3485","01","x358y419","Las17","1","3"
"MKY3472","03","x72y100","Sla2","1","3"
"MKY3454","14","NA","Ent1","1","3"
"MKY3471","11","x1240y662","Syp1","1","3"
"MKY3471","15","x527y92","Syp1","1","3"
"MKY3483","07","x1194y135","End3","1","3"
"MKY3483","07","x813y72","End3","1","3"
"MKY3471","07","x698y209","Syp1","1","3"
"MKY3454","05","NA","Ent1","1","3"
"MKY3472","15","x264y280","Sla2","1","3"
"MKY3483","15","x537y895","End3","1","3"
"MKY3471","14","x562y566","Syp1","1","3"
"MKY3483","14","x902y355","End3","1","3"
"MKY3472","03","x685y751","Sla2","1","3"
"MKY3483","08","x1228y81","End3","1","3"
"MKY3483","15","x1027y187","End3","1","3"
"MKY3483","03","x323y202","End3","1","3"
"MKY3483","14","x965y807","End3","1","3"
"MKY3485","11","x369y413","Las17","1","3"
"MKY3485","06","x94y968","Las17","1","3"
"MKY3485","12","x368y682","Las17","1","3"
"MKY3471","11","x1122y886","Syp1","1","3"
"MKY3485","12","x926y826","Las17","1","3"
"MKY3471","07","x315y817","Syp1","1","3"
"MKY3454","10","NA","Ent1","0","3"
"MKY3483","05","x994y337","End3","1","3"
"MKY3471","01","x1192y113","Syp1","1","3"
"MKY3483","02","x813y517","End3","0","3"
"MKY3454","15","NA","Ent1","1","3"
"MKY3454","07","NA","Ent1","1","3"
"MKY3485","01","x150y39","Las17","1","3"
"MKY3454","11","NA","Ent1","1","3"
"MKY3472","08","x1209y513","Sla2","1","3"
"MKY3483","14","x725y152","End3","1","3"
"MKY3472","10","x1003y682","Sla2","1","3"
"MKY3483","05","x1236y498","End3","1","3"
"MKY3471","03","x1174y694","Syp1","1","3"
"MKY3485","06","x481y121","Las17","1","3"
"MKY3472","15","x716y424","Sla2","1","3"
"MKY3454","04","NA","Ent1","0","3"
"MKY3472","11","x1070y465","Sla2","1","3"
"MKY3471","14","x859y872","Syp1","1","3"
"MKY3483","08","x140y751","End3","1","3"
"MKY3472","12","x57y693","Sla2","1","3"
"MKY3485","15","x987y250","Las17","1","3"
"MKY3485","15","x1289y322","Las17","1","3"
"MKY3472","14","x356y43","Sla2","1","3"
"MKY3483","06","x829y113","End3","1","3"
"MKY3454","12","NA","Ent1","1","3"
"MKY3471","09","x1165y762","Syp1","1","3"
"MKY3483","12","x7y8","End3","1","3"
"MKY3471","02","x1038y101","Syp1","1","3"
"MKY3472","02","x7y498","Sla2","1","3"
"MKY3485","15","x700y276","Las17","1","3"
"MKY3483","09","x324y231","End3","1","3"
"MKY3485","08","x772y645","Las17","1","3"
"MKY3471","06","x1074y590","Syp1","1","3"
"MKY3471","04","x1078y171","Syp1","1","3"
"MKY3454","12","NA","Ent1","0","3"
"MKY3454","01","NA","Ent1","1","3"
"MKY3472","08","x379y396","Sla2","1","3"
"MKY3454","15","NA","Ent1","1","3"
"MKY3485","12","x953y349","Las17","1","3"
"MKY3485","01","x645y170","Las17","1","3"
"MKY3485","14","x1249y839","Las17","1","3"
"MKY3485","09","x323y430","Las17","1","3"
"MKY3471","01","x347y610","Syp1","1","3"
"MKY3454","08","NA","Ent1","1","3"
"MKY3471","13","x1121y454","Syp1","1","3"
"MKY3454","10","NA","Ent1","1","3"
"MKY3485","07","x1213y916","Las17","1","3"
"MKY3485","14","x377y253","Las17","1","3"
"MKY3483","07","x974y483","End3","1","3"
"MKY3472","13","x37y25","Sla2","1","3"
"MKY3471","09","x293y641","Syp1","1","3"
"MKY3471","03","x927y338","Syp1","1","3"
"MKY3471","12","x837y815","Syp1","1","3"
"MKY3485","04","x1164y80","Las17","1","3"
"MKY3483","06","x739y182","End3","1","3"
"MKY3485","01","x1142y72","Las17","1","3"
"MKY3485","15","x519y215","Las17","1","3"
"MKY3483","02","x1264y545","End3","1","3"
"MKY3471","13","x952y639","Syp1","1","3"
"MKY3454","01","NA","Ent1","1","3"
"MKY3472","14","x640y182","Sla2","1","3"
"MKY3472","11","x566y207","Sla2","1","3"
"MKY3485","06","x590y388","Las17","1","3"
"MKY3485","03","x169y773","Las17","1","3"
"MKY3483","07","x812y12","End3","1","3"
"MKY3485","11","x206y566","Las17","1","3"
"MKY3454","15","NA","Ent1","1","3"
"MKY3483","14","x1042y850","End3","1","3"
"MKY3454","02","NA","Ent1","1","3"
"MKY3472","06","x937y505","Sla2","1","3"
"MKY3472","05","x858y22","Sla2","1","3"
"MKY3483","13","x973y253","End3","1","3"
"MKY3483","11","x1293y748","End3","1","3"
"MKY3454","13","NA","Ent1","1","3"
"MKY3472","07","x713y248","Sla2","1","3"
"MKY3485","09","x329y314","Las17","1","3"
"MKY3483","01","x537y855","End3","1","3"
"MKY3471","10","x455y582","Syp1","1","3"
"MKY3472","12","x413y447","Sla2","1","3"
"MKY3471","14","x250y335","Syp1","1","3"
"MKY3471","09","x752y254","Syp1","1","3"
"MKY3454","12","NA","Ent1","1","3"
"MKY3472","14","x269y519","Sla2","1","3"
"MKY3485","15","x756y306","Las17","1","3"
"MKY3471","05","x1199y73","Syp1","1","3"
"MKY3454","10","NA","Ent1","1","3"
"MKY3472","11","x12y906","Sla2","1","3"
"MKY3454","14","NA","Ent1","1","3"
"MKY3472","14","x714y122","Sla2","1","3"
"MKY3485","12","x475y433","Las17","1","3"
"MKY3471","13","x816y842","Syp1","1","3"
"MKY3472","10","x673y938","Sla2","1","3"
"MKY3454","08","NA","Ent1","1","3"
"MKY3471","12","x738y892","Syp1","1","3"
"MKY3471","02","x1130y724","Syp1","1","3"
"MKY3472","09","x903y365","Sla2","1","3"
"MKY3454","11","NA","Ent1","1","3"
"MKY3471","04","x1091y360","Syp1","1","3"
"MKY3471","06","x805y984","Syp1","1","3"
"MKY3483","06","x283y360","End3","1","3"
"MKY3454","06","NA","Ent1","1","3"
"MKY3454","04","NA","Ent1","1","3"
"MKY3483","02","x512y847","End3","1","3"
"MKY3472","11","x929y846","Sla2","1","3"
"MKY3472","07","x1023y37","Sla2","1","3"
"MKY3485","07","x471y625","Las17","1","3"
"MKY3472","10","x45y558","Sla2","1","3"
"MKY3483","05","x698y886","End3","1","3"
"MKY3472","07","x52y561","Sla2","1","3"
"MKY3485","14","x375y196","Las17","0","3"
"MKY3472","06","x400y320","Sla2","1","3"
"MKY3485","03","x862y331","Las17","1","3"
"MKY3472","02","x536y903","Sla2","1","3"
"MKY3483","07","x223y847","End3","1","3"
"MKY3471","01","x476y75","Syp1","1","3"
"MKY3485","05","x1092y517","Las17","1","3"
"MKY3483","02","x410y883","End3","1","3"
"MKY3454","09","NA","Ent1","1","3"
"MKY3472","09","x1155y677","Sla2","1","3"
"MKY3483","05","x628y598","End3","1","3"
"MKY3454","04","NA","Ent1","1","3"
"MKY3454","03","NA","Ent1","1","3"
"MKY3471","07","x341y902","Syp1","1","3"
"MKY3454","07","NA","Ent1","1","3"
"MKY3472","12","x489y869","Sla2","1","3"
"MKY3485","05","x198y53","Las17","1","3"
"MKY3483","09","x330y162","End3","1","3"
"MKY3454","03","NA","Ent1","1","3"
"MKY3471","10","x286y344","Syp1","1","3"
"MKY3483","14","x949y584","End3","1","3"
